sunday_day_of_year,rate_ratio,lo95,hi95,p,coef,se,dispersion,days,events
115,0.980706,0.955289,1.006799,0.145882,-0.019483,0.013397,1.444456,945,82806
122,1.013136,0.987382,1.039562,0.320514,0.01305,0.013137,1.451887,945,84401
129,1.000285,0.975651,1.025542,0.982099,0.000285,0.012722,1.369152,945,85733
136,0.996307,0.972033,1.021186,0.768741,-0.0037,0.012584,1.355965,945,87050
143,0.994864,0.970907,1.019412,0.678845,-0.005149,0.012436,1.344201,945,88439
150,1.018635,0.994493,1.043363,0.131372,0.018463,0.012238,1.344829,945,89681
157,1.023114,0.998703,1.048121,0.063648,0.022851,0.012321,1.380006,945,90465
164,1.017153,0.993173,1.041712,0.162345,0.017008,0.012172,1.350935,945,91120
171,1.018332,0.995046,1.042164,0.123756,0.018166,0.011802,1.278798,945,91653
178,1.004582,0.981895,1.027794,0.694859,0.004572,0.011655,1.240169,945,92118
185,0.996167,0.973792,1.019056,0.740376,-0.003841,0.01159,1.226017,945,92684
192,0.985077,0.962916,1.007749,0.195286,-0.015035,0.011609,1.220764,945,92791
199,0.984779,0.962753,1.007308,0.18382,-0.015338,0.011541,1.205213,945,92724
206,0.993469,0.971422,1.016018,0.567176,-0.006552,0.01145,1.194028,945,92681
213,1.039499,1.016603,1.062911,0.000652,0.038739,0.011363,1.221613,945,92963
220,1.001317,0.979635,1.023478,0.906229,0.001316,0.011169,1.148702,945,93143
227,0.981072,0.959778,1.002839,0.08786,-0.019109,0.011196,1.140012,945,93468
234,0.986285,0.964772,1.008277,0.219683,-0.01381,0.011252,1.161521,945,93902
241,1.010398,0.988511,1.032771,0.354549,0.010345,0.011174,1.170511,945,94162
248,0.996251,0.974628,1.018354,0.737255,-0.003756,0.011195,1.163952,945,94310
255,1.002418,0.980414,1.024916,0.831115,0.002415,0.011324,1.19635,945,94283
262,1.013791,0.991522,1.03656,0.226795,0.013696,0.011332,1.207752,945,94220
269,1.001848,0.979698,1.024499,0.871421,0.001846,0.011407,1.213958,945,94329
353,1.036035,1.005851,1.067125,0.018937,0.035401,0.015085,1.458933,622,55427
360,0.933005,0.897807,0.969583,0.000409,-0.069345,0.01962,1.415262,517,45696
9,1.021319,0.987981,1.055781,0.212822,0.021094,0.016932,1.733456,643,49750
16,0.962006,0.932137,0.992833,0.016085,-0.038734,0.016093,1.708267,748,57731
23,0.972069,0.942957,1.00208,0.067838,-0.028328,0.015513,1.668925,853,65914
30,0.98845,0.960667,1.017038,0.424521,-0.011617,0.014546,1.51196,939,72613
114,0.972379,0.946972,0.998469,0.03813,-0.028009,0.013509,1.454598,945,82565
121,1.020619,0.9947,1.047213,0.119926,0.020409,0.013124,1.454806,945,84255
128,0.994581,0.969818,1.019976,0.672712,-0.005434,0.012864,1.391231,945,85588
135,1.002839,0.978503,1.02778,0.821066,0.002835,0.012534,1.349823,945,86924
142,0.981834,0.958004,1.006257,0.143619,-0.018333,0.012536,1.348874,945,88251
149,1.024493,1.000412,1.049154,0.046158,0.024198,0.012136,1.32598,945,89513
156,1.023445,0.99897,1.04852,0.060582,0.023175,0.01235,1.38561,945,90393
163,1.025672,1.00154,1.050384,0.036915,0.025348,0.012147,1.353089,945,91057
170,1.010961,0.987599,1.034875,0.36078,0.010901,0.011928,1.297427,945,91552
177,0.996059,0.97342,1.019225,0.736396,-0.003949,0.01173,1.248463,945,92150
184,1.012622,0.990074,1.035684,0.274951,0.012543,0.011489,1.219175,945,92608
191,0.978806,0.956707,1.001417,0.065989,-0.021421,0.011652,1.22387,945,92816
198,0.98666,0.964542,1.009285,0.245638,-0.01343,0.011567,1.21092,945,92594
205,0.993623,0.971709,1.016032,0.57399,-0.006397,0.011379,1.178878,945,92650
212,1.031522,1.008732,1.054826,0.006475,0.031035,0.011399,1.221657,945,92941
219,1.01251,0.990763,1.034734,0.261741,0.012432,0.011078,1.138927,945,93075
226,0.97276,0.951689,0.994298,0.013442,-0.027618,0.011173,1.126804,945,93386
233,0.989058,0.967579,1.011014,0.326009,-0.011002,0.011202,1.153258,945,93859
240,1.004169,0.982311,1.026513,0.711008,0.00416,0.011228,1.175481,945,94098
247,1.006138,0.98442,1.028334,0.582587,0.006119,0.011133,1.160375,945,94345
254,0.994887,0.97308,1.017183,0.65032,-0.005126,0.011308,1.18601,945,94296
261,1.016955,0.99471,1.039698,0.136232,0.016813,0.011284,1.201924,945,94332
268,0.999008,0.976953,1.021562,0.930591,-0.000992,0.01139,1.208101,945,94360
352,1.031663,1.001953,1.062254,0.036539,0.031172,0.014909,1.471864,636,56635
359,0.932946,0.899253,0.967902,0.000217,-0.069408,0.018767,1.425007,531,46859
8,1.019315,0.985463,1.05433,0.266906,0.019131,0.017232,1.742838,629,48782
15,0.967477,0.937296,0.99863,0.040874,-0.033064,0.01617,1.716373,734,56702
22,0.965299,0.936197,0.995306,0.023746,-0.035317,0.015619,1.676259,839,64841
29,0.992365,0.964262,1.021287,0.601036,-0.007664,0.014657,1.538072,933,72173
113,0.957391,0.932346,0.98311,0.001284,-0.043543,0.013525,1.435072,945,82256
120,1.035428,1.009149,1.062392,0.007947,0.034815,0.013116,1.462006,945,83833
127,0.994147,0.969162,1.019776,0.65125,-0.00587,0.012986,1.412858,945,85312
134,0.987507,0.963275,1.012348,0.321285,-0.012572,0.012676,1.358178,945,86542
141,0.992718,0.968446,1.017599,0.562818,-0.007308,0.01263,1.374133,945,87820
148,1.017265,0.99318,1.041934,0.161447,0.017118,0.012225,1.33455,945,89270
155,1.029739,1.004856,1.055237,0.018867,0.029305,0.01248,1.417462,945,90133
162,1.01711,0.992776,1.04204,0.169707,0.016965,0.012355,1.386052,945,90757
169,1.010515,0.986998,1.034592,0.383954,0.01046,0.012014,1.314673,945,91482
176,1.000784,0.977982,1.024117,0.946861,0.000784,0.011759,1.257857,945,92051
183,1.019166,0.996483,1.042366,0.098285,0.018985,0.011484,1.223766,945,92585
190,0.971947,0.949968,0.994434,0.014759,-0.028454,0.01167,1.219669,945,92717
197,0.992635,0.970453,1.015324,0.521455,-0.007392,0.01153,1.209138,945,92614
204,0.994849,0.972947,1.017244,0.649347,-0.005164,0.011358,1.176481,945,92711
211,1.029934,1.007212,1.053169,0.009558,0.029495,0.011382,1.21657,945,92936
218,1.007265,0.985555,1.029453,0.514965,0.007238,0.011117,1.142066,945,93050
225,0.972769,0.951737,0.994265,0.013296,-0.027609,0.011152,1.123446,945,93459
232,0.993504,0.972007,1.015475,0.559226,-0.006518,0.011161,1.147415,945,93747
239,1.00111,0.979201,1.023509,0.921707,0.00111,0.01129,1.184884,945,94048
246,1.01159,0.989847,1.033811,0.298574,0.011524,0.011086,1.153845,945,94222
253,0.996993,0.975133,1.019343,0.79007,-0.003011,0.011311,1.189154,945,94336
260,1.002874,0.980976,1.025261,0.798859,0.00287,0.011264,1.185046,945,94358
267,1.008066,0.986078,1.030545,0.475242,0.008034,0.011252,1.186773,945,94321
351,1.0327,1.003339,1.06292,0.028778,0.032176,0.014716,1.48255,650,57910
358,0.942288,0.909596,0.976156,0.000968,-0.059444,0.018016,1.447077,545,48217
6,0.996011,0.961533,1.031724,0.824002,-0.003997,0.017974,1.747394,601,46665
13,0.967358,0.937255,0.998427,0.039627,-0.033187,0.016129,1.670238,706,54719
20,0.981194,0.951588,1.011721,0.224549,-0.018985,0.015632,1.68528,811,62772
27,0.976848,0.948254,1.006303,0.12224,-0.023424,0.015157,1.619686,914,70783
111,0.962444,0.93726,0.988305,0.00466,-0.038279,0.013528,1.433469,945,81796
118,1.012295,0.986322,1.038951,0.356805,0.01222,0.013261,1.463957,945,83565
125,1.012567,0.98696,1.038838,0.33926,0.012489,0.013068,1.449084,945,85168
132,0.988586,0.964262,1.013524,0.366443,-0.01148,0.012711,1.363802,945,86348
139,0.981063,0.956803,1.005937,0.134494,-0.019119,0.012775,1.387539,945,87477
146,1.017288,0.993076,1.04209,0.163122,0.01714,0.01229,1.343815,945,88946
153,1.029433,1.004528,1.054955,0.020258,0.029008,0.012495,1.420259,945,90113
160,1.021764,0.997389,1.046735,0.080506,0.021531,0.012319,1.380526,945,90609
167,1.003452,0.979888,1.027583,0.776219,0.003446,0.012124,1.328817,945,91294
174,1.003453,0.98048,1.026965,0.77049,0.003447,0.011817,1.271101,945,91923
181,1.031218,1.008387,1.054567,0.007121,0.030741,0.011423,1.218962,945,92360
188,0.975105,0.953082,0.997637,0.030544,-0.02521,0.011655,1.217624,945,92559
195,0.987367,0.965395,1.009838,0.268158,-0.012714,0.011482,1.193523,945,92581
202,0.98574,0.963951,1.008022,0.207877,-0.014363,0.011404,1.178172,945,92753
209,1.016096,0.993418,1.039292,0.165576,0.015968,0.011516,1.231579,945,92868
216,1.016152,0.994325,1.038458,0.1481,0.016023,0.011079,1.139907,945,92878
223,0.991342,0.969838,1.013323,0.437087,-0.008695,0.011189,1.145213,945,93250
230,0.993582,0.97208,1.01556,0.564096,-0.006438,0.011163,1.146738,945,93651
237,0.991018,0.969452,1.013064,0.421541,-0.009023,0.011226,1.161598,945,93992
244,1.008654,0.986779,1.031014,0.441135,0.008617,0.011187,1.173068,945,94284
251,0.994723,0.972901,1.017035,0.640152,-0.005291,0.011317,1.187937,945,94299
258,1.010144,0.98799,1.032794,0.37237,0.010092,0.011314,1.201531,945,94299
265,1.003953,0.982003,1.026393,0.726513,0.003945,0.011279,1.188571,945,94313
349,1.01855,0.990262,1.047646,0.200896,0.01838,0.01437,1.48096,678,60616
356,0.989961,0.95804,1.022945,0.546269,-0.01009,0.016722,1.478781,573,50854
363,0.969516,0.921571,1.019954,0.231527,-0.030959,0.025876,1.437599,412,36287
5,0.987676,0.952875,1.023748,0.498042,-0.0124,0.018301,1.722231,587,45469
12,0.967615,0.937144,0.999075,0.043731,-0.032921,0.016325,1.686535,692,53566
19,0.98035,0.95057,1.011063,0.207337,-0.019846,0.015739,1.697718,797,61636
26,0.97306,0.944319,1.002675,0.074199,-0.02731,0.015296,1.641593,902,69832
110,0.976478,0.950943,1.002699,0.078301,-0.023803,0.013519,1.446318,945,81705
117,1.005576,0.979798,1.032031,0.67473,0.00556,0.013249,1.449505,945,83317
124,1.001217,0.975723,1.027377,0.926359,0.001216,0.01316,1.452933,945,84955
131,0.999421,0.974858,1.024603,0.963629,-0.000579,0.012696,1.368044,945,86089
138,0.98863,0.964426,1.013441,0.365865,-0.011435,0.012646,1.365719,945,87331
145,1.00815,0.983928,1.032969,0.512985,0.008117,0.012408,1.356674,945,88720
152,1.030889,1.006091,1.056298,0.014331,0.030421,0.012423,1.40306,945,89969
159,1.019889,0.995477,1.0449,0.111099,0.019694,0.012361,1.387459,945,90578
166,1.001146,0.977534,1.025328,0.925073,0.001145,0.012177,1.33679,945,91203
173,1.007821,0.984805,1.031373,0.50865,0.00779,0.011786,1.266944,945,91784
180,1.032445,1.009387,1.056029,0.005593,0.031929,0.011524,1.240273,945,92254
187,0.974344,0.952394,0.9968,0.025372,-0.025991,0.011625,1.210779,945,92569
194,0.987625,0.96556,1.010195,0.280086,-0.012452,0.011528,1.203525,945,92587
201,0.985908,0.963849,1.008471,0.218952,-0.014192,0.011545,1.207606,945,92757
208,1.009165,0.986795,1.032042,0.425031,0.009123,0.011437,1.207116,945,92782
215,1.028394,1.006231,1.051045,0.011775,0.027998,0.011116,1.15822,945,92881
222,0.988957,0.967599,1.010786,0.31883,-0.011104,0.011139,1.132716,945,93232
229,0.990178,0.968853,1.011973,0.374227,-0.009871,0.011108,1.132396,945,93638
236,0.983815,0.96233,1.005779,0.147488,-0.016318,0.011266,1.163378,945,94002
243,1.018714,0.996837,1.04107,0.094129,0.018541,0.011076,1.15822,945,94234
250,0.993182,0.971425,1.015426,0.544938,-0.006841,0.011301,1.181624,945,94185
257,1.010317,0.988313,1.032811,0.360931,0.010264,0.011235,1.185639,945,94357
264,1.006302,0.984343,1.02875,0.576788,0.006282,0.011256,1.186377,945,94341
348,1.028639,1.000469,1.057603,0.046253,0.028237,0.014168,1.47876,692,61894
355,0.98244,0.951753,1.014117,0.273866,-0.017716,0.016191,1.472427,587,52154
362,0.978346,0.934889,1.023822,0.344963,-0.021892,0.023181,1.451077,482,42605
4,0.989302,0.952574,1.027446,0.577354,-0.010756,0.019302,1.744119,566,43799
11,0.975787,0.944548,1.008059,0.139812,-0.024511,0.016601,1.707336,671,51846
18,0.981307,0.951299,1.012262,0.233709,-0.01887,0.015846,1.704355,776,59855
25,0.970996,0.942088,1.000792,0.056306,-0.029433,0.015421,1.658933,881,68131
109,0.986265,0.960579,1.012639,0.304344,-0.01383,0.013464,1.441638,945,81486
116,0.992554,0.966945,1.01884,0.575174,-0.007474,0.013336,1.449028,945,83047
123,1.00749,0.981881,1.033767,0.569994,0.007462,0.013136,1.450798,945,84714
130,0.993115,0.968606,1.018244,0.587886,-0.006909,0.012749,1.369972,945,85904
137,1.000696,0.976313,1.025688,0.955885,0.000696,0.012586,1.362368,945,87134
144,0.997484,0.973399,1.022164,0.839875,-0.00252,0.01247,1.355806,945,88527
151,1.028625,1.004212,1.053631,0.021281,0.028223,0.012255,1.359538,945,89726
158,1.019045,0.994507,1.044187,0.129243,0.018865,0.012435,1.400937,945,90427
165,1.005805,0.981933,1.030257,0.636699,0.005788,0.012255,1.35842,945,91179
172,1.016194,0.992883,1.040053,0.174856,0.016065,0.01184,1.284628,945,91628
179,1.012723,0.989852,1.036123,0.27801,0.012643,0.011655,1.248837,945,92181
186,0.98703,0.964971,1.009594,0.257632,-0.013054,0.011532,1.203737,945,92583
193,0.992425,0.970173,1.015188,0.511063,-0.007604,0.01157,1.218074,945,92678
200,0.980778,0.958846,1.003212,0.092554,-0.019409,0.011539,1.201058,945,92731
207,1.005711,0.983463,1.028463,0.617817,0.005695,0.011413,1.198857,945,92770
214,1.031075,1.00834,1.054323,0.007143,0.030602,0.011376,1.217329,945,93015
221,0.994091,0.972637,1.016018,0.594427,-0.005927,0.011132,1.136205,945,93274
228,0.982886,0.961546,1.004701,0.123251,-0.017262,0.0112,1.143345,945,93543
235,0.992361,0.970863,1.014334,0.492515,-0.007669,0.011174,1.151423,945,93933
242,1.014897,0.993079,1.037195,0.182321,0.014787,0.011088,1.156808,945,94183
249,0.994254,0.972573,1.016419,0.60847,-0.005762,0.011249,1.173551,945,94333
256,1.001612,0.979681,1.024033,0.886623,0.00161,0.011295,1.190206,945,94340
263,1.004062,0.981981,1.02664,0.720862,0.004054,0.011346,1.202812,945,94313
347,1.014805,0.987214,1.043167,0.296031,0.014696,0.014064,1.485672,713,63872
354,1.024623,0.993894,1.056302,0.117405,0.024325,0.015535,1.478923,608,54108
361,0.944071,0.906221,0.983503,0.005837,-0.057553,0.020877,1.429598,503,44488
3,0.971325,0.931588,1.012756,0.172185,-0.029094,0.021311,1.749324,484,37174
10,1.010763,0.978152,1.044461,0.522312,0.010705,0.016732,1.727372,657,50715
17,0.954485,0.92507,0.984836,0.003537,-0.046583,0.015971,1.685937,762,58710
24,0.977654,0.948567,1.007634,0.14251,-0.022599,0.01541,1.65829,867,66885
31,0.99735,0.969865,1.025614,0.852366,-0.002653,0.014258,1.462528,943,72849
7,1.015436,0.981447,1.050602,0.377851,0.015318,0.01737,1.740693,622,48269
14,0.959675,0.929582,0.990742,0.011335,-0.04116,0.016255,1.71731,727,56222
21,0.973185,0.94392,1.003358,0.081016,-0.027181,0.015578,1.675589,832,64408
28,0.992341,0.963995,1.021522,0.6031,-0.007688,0.014786,1.564549,929,71904
112,0.9497,0.924884,0.975182,0.000133,-0.051609,0.013509,1.420693,945,82148
119,1.025405,0.999304,1.052188,0.056513,0.025087,0.013155,1.458926,945,83795
126,1.006169,0.980989,1.031995,0.634338,0.00615,0.012931,1.411955,945,85196
133,0.986392,0.96218,1.011212,0.279852,-0.013702,0.012679,1.35729,945,86507
140,0.994841,0.970538,1.019753,0.681893,-0.005172,0.012619,1.371595,945,87666
147,1.019562,0.995508,1.044197,0.111751,0.019373,0.012181,1.326841,945,89235
154,1.022906,0.997905,1.048534,0.072836,0.022648,0.012625,1.443842,945,90168
161,1.01797,0.993561,1.042979,0.150333,0.017811,0.012383,1.39204,945,90680
168,1.008131,0.984639,1.032184,0.50083,0.008098,0.01203,1.315056,945,91433
175,1.0066,0.983654,1.030081,0.576083,0.006578,0.011765,1.263744,945,91972
182,1.018629,0.99593,1.041846,0.108433,0.018458,0.011498,1.224951,945,92478
189,0.969893,0.9479,0.992396,0.008994,-0.03057,0.011702,1.223797,945,92670
196,0.994395,0.9722,1.017096,0.625485,-0.005621,0.011516,1.207725,945,92604
203,0.991184,0.96929,1.013571,0.437106,-0.008856,0.011396,1.181467,945,92753
210,1.029245,1.006453,1.052554,0.011637,0.028826,0.011425,1.224605,945,92886
217,1.007747,0.986084,1.029885,0.486399,0.007717,0.011087,1.136315,945,93047
224,0.976774,0.95567,0.998344,0.034969,-0.0235,0.011144,1.12538,945,93448
231,0.996251,0.974665,1.018315,0.736826,-0.003756,0.011176,1.153049,945,93743
238,0.99541,0.973588,1.01772,0.684132,-0.004601,0.011309,1.1843,945,94093
245,1.014415,0.992539,1.036773,0.198202,0.014312,0.011123,1.164531,945,94255
252,0.993745,0.972014,1.015963,0.578092,-0.006274,0.011281,1.179643,945,94319
259,1.005309,0.983294,1.027817,0.63927,0.005295,0.011297,1.194165,945,94352
266,1.010599,0.988511,1.033181,0.349731,0.010543,0.011275,1.193573,945,94289
350,1.035854,1.006663,1.065891,0.015721,0.035226,0.014584,1.479494,657,58555
357,0.953904,0.921427,0.987526,0.007579,-0.047192,0.017673,1.458225,552,48822
